Rank,Price ($),# Reviews,% Positive,Release Year (Steam),Recent Review #,Name
1,21.99,"10,094",91,2023,207,boltgun
2,19.99,"18,404",97,2018,219,dusk
3,19.99,188,78,2023,14,metal gear & metal gear 2
4,29.99,864,93,2023,21,
5,14.99,433,99,2024,188,angel at dusk
6,49.99,1998,96,2023,57,star ocean the second story
7,59.99,4104,73,2023,292,gta san andreas
8,9.99,"147,151",97,2000,1127,counterstrike
9,14.99,795,91,2024,238,home safety hotline
10,19.99,27067,90,2020,212,c&c remastered collection
11,24.99,424,83,2023,12,
12,24.99,12549,92,2023,607,wandering sword
14,24.99,1290,75,2024,1290,wrath aeon of ruin
15,29.99,36,75,2023,36,jurassic park classic games collection
16,7.99,368,95,2024,217,
17,9.99,"89,380",96,1998,1057,half-life
1,4.99,"597,631",92,2018,2331,among us
2,0,"59,396",87,2021,1171,goose goose duck
3,9.99,1192,89,2023,85,west hunt
4,14.99,2620,79,2021,20,first class trouble
5,9.99,2163,94,2021,54,perfect heist 2
6,24.99,989,81,2018,12,
7,4.99,3197,91,2021,74,feign
8,9.99,13228,85,2019,31,
9,0,5455,79,2023,271,town of salem 2
10,9.99,2117,76,2022,30,
11,0,91809,79,2017,430,
12,4.99,50,92,2023,50,
13,29.99,2067,95,2019,16,jackbox party pack 6
14,4.99,31005,89,2014,58,
15,14.99,326,75,2022,0,
16,9.99,12,66,2024,12,
17,4.99,2082,89,2020,0,
1,39.99,147132,78,2024,147132,
2,29.99,3241,80,2024,3241,
3,49.99,83105,87,2020,1108,
4,0,798308,78,2020,14820,
5,0,564862,87,2013,5737,
6,39.99,91409,94,2020,1718,
7,49.99,6618,92,2023,550,
8,9.99,283000,97,2023,31645,
9,9.99,12782,84,2024,13180,
10,59.99,20536,87,2021,333,
11,59.99,634249,82,2020,9161,
13,0,584152,80,2019,3352,
14,39.99,11269,92,2019,135,
15,39.99,101086,93,2013,365,
16,59.99,66658,84,2016,541,
1,49.99,64976,82,2016,850,Wachdogs 2
2,59.99,6686,59,2023,250,Watchdogs legion
3,29.99,36296,76,2014,518,watchdogs legion
4,19.99,2342,95,2021,96,turing complete
5,19.99,5571,88,2021,101,operation tango
6,9.99,273,71,2024,73,computer repair shop
7,19.99,1245,90,2017,32,grey hack
8,19.99,478,96,2022,12,ctrl alt ego
9,17.99,75,88,2024,75,joy of programming
10,9.99,12361,94,2024,129,cybermanhunt
11,24.98,6043,79,2020,64,streamer life simulator
12,12.99,83,85,2022,0,bots are stupid
13,14.99,1704,87,2016,16,screepsworld
14,9.99,2504,86,2018,18,welcome to the game
15,9.99,14913,93,2015,90,jacknet
16,4.99,12205,95,2016,112,pony islant
17,5.99,235,96,2023,56,Tunnet
18,9.99,0,84,2024,0,Beyond the Fringe
19,6.99,3024,97,2015,0,TIS-100
20,4.99,329,96,2017,0,Brigand: Oaxaca
21,7.99,430,45,2019,0,CTA
22,19.99,2230,93,2022,26,Case Cracker
23,42.98,1005,88,2020,13,Beyond A Steel Sky
24,9.99,211,56,2022,0,Simulcra 3
25,29.99,49,40,2023,49,Samurai Slaughterhouse
26,59.99,214,83,2023,214,Anonymous Code
27,24.99,189,96,2020,0,Yolo Space Hacker
28,9.99,7973,78,2016,19,Orwell keeping an eye on you
29,12.99,334,95,2023,18,mindhack
30,9.99,5827,84,2011,23,eye devine cybermancy
31,24.99,98,75,2023,98,Squally
32,19.99,1167,96,2018,0,Exa Punks
33,9.99,610,89,2015,0,The black watchmen
34,19.99,599,78,2016,0,hack mud
35,9.99,624,80,2022,30,smilemo
36,11.99,17,100,2023,17,how to hack in
37,9.99,5,80,2024,5,VSCS 2
38,17.99,428,92,2022,0,Polda7
39,7.99,1184,88,2020,13,Simulcra 2
40,19.99,921,91,2019,0,Nite Team 4
1,4.99,18820,91,2021,346,pico park
2,39.99,7277,95,2023,429,thalos principle 2
3,6.99,1746,89,2024,1746,chinese text
4,39.99,134139,95,2021,4374,it takes 2
5,14.99,5531,97,2024,5531,murders on the yangtze
6,9.99,315786,98,2011,3702,portal 2
7,29.99,582,83,2024,582,islands of insight
8,19.99,50684,96,2016,991,inside
9,6.99,11194,97,2021,110,webbed
10,29.99,9815,89,2019,70,Trine 4
11,19.99,10110,98,2023,819,chants of sennaar
12,19.99,151464,94,2016,999,human fall flat
13,9.99,30322,92,2011,445,limbo
14,19.99,80542,97,2018,1300,Celeste
15,9.99,130074,98,2007,2273,portal 
16,19.99,3238,95,2020,46,creaks
17,19.99,5219,95,2020,66,manifold garden
18,5.49,3378,90,2023,521,Bokura
19,29.99,1209,93,2023,89,Trine 5
20,19.99,40536,94,2017,704,little nightmares
21,19.99,21619,94,2020,282,Superliminal
22,12.49,2505,88,2018,14,Clue Cluedo
23,29.99,28169,94,2021,796,little nightmares 2
24,29.99,1460,74,2023,43,Deliver us mars
25,19.99,66,95,2019,0,Switch Force
26,24.99,4795,93,2023,165,Viewfinder
27,9.99,3441,85,2003,99,Prince of Persia Sands of Time
28,19.99,3268,92,2022,62,Far changing tides
29,19.99,14606,95,2013,42,trine 2
30,19.99,45398,94,2015,487,ori
31,14.99,11751,95,2009,68,trine
32,21.99,6671,64,2015,29,trine 3
33,24.99,3894,95,2023,290,cocoon
34,19.99,20,100,2024,20,promenade
35,24.99,943,90,2021,33,key we
36,24.99,526,87,2020,15,phogs
37,19.99,150,83,2023,150,teslagrad 2
38,29.99,1734,95,2023,57,song of nunu
39,12.99,102,97,2023,12,logiart grimoire
40,14.99,59618,96,2018,354,gris
41,2.99,1341,94,2020,28,shady part of me
42,19.99,118,73,2022,0,poptropica
43,19.99,2629,96,2021,51,heavenly bodies
44,19.99,631,85,2019,0,degree o f separation
45,11.99,3663,85,2014,28,ibb & obb
46,14.99,123,91,2023,123,ful void
47,9.99,827,77,2023,42,yeah you want those games
48,19.99,2574,96,2018,17,yoku's island express
49,19.99,2875,94,2023,118,planet of lan
50,11.99,5,100,2024,5,quadroids
1,19.99,118633,97,2016,1503,American truck simulator
2,59.99,137960,80,2018,1446,farcry 5
3,19.99,126937,88,2017,1475,the hunter call of the wild
4,19.99,1170,79,2018,0,Where teh Water tastes like Wine
5,39.99,8520,60,2019,184,assassin's creed 3
6,29.99,12123,82,2022,155,police simulator
7,29.99,8475,74,2021,296,crysis remastered
8,39.99,5051,79,2022,106,way of the hunter
9,29.99,31273,94,2011,156,mafia 2
10,49.99,679,78,2023,107,arizona sunshine 2
11,17.99,11343,87,2023,548,car for sale
12,39.99,36888,40,2023,518,payday 3
13,29.99,1221,98,2023,97,railroader
14,49.99,1137,72,2023,39,railway empire 2
15,9.99,2155,96,2021,190,Class of 09
16,24.99,17759,89,2009,137,total war empire
17,29.99,4591,59,2022,95,the angler
18,24.99,612,84,2019,0,metalwolf XD
19,19.99,1041,86,2023,18,intot he flames
20,19.99,1523,84,2023,49,gunsmith simulator
21,19.99,773,79,2023,36,ootp 24
22,11.99,509,81,2023,58,storage hustle
23,0,18504,84,2014,76,world of guns
24,29.99,2640,64,2023,163,saints row
25,24.99,1930,94,2023,98,killer frequnecy
26,24.99,12686,83,2023,198,flashing lights
27,17.76,1267,93,2024,159,alex jones nwo
28,29.99,7187,89,2017,38,ultimate general
29,39.99,78,70,2020,0,monster truck championship
30,14.99,45354,97,2015,291,broforce
31,15.99,67,56,2024,67,colonize
32,19.99,5095,81,2010,53,medal of honor
33,14.99,2503,88,2021,45,growing up
34,59.99,10890,61,2014,100,call of duty: ghosts
35,17.99,429,61,2023,12,brewpub simulator
36,4.99,191,85,2022,15,the wilds
37,29.99,6741,82,2018,17,railway empire
38,59.99,10119,62,2014,55,call of duty advanced warfare
39,10,179,74,2022,37,battlecry of freedom
40,19.99,5477,94,2003,74,call of duty
41,5.99,622,95,1993,14,sam & max hit the road
42,49.99,1144,79,2023,65,miasma chronicles
43,14.99,265,68,2021,0,this is the president
44,6.24,293,62,2023,293,bus driving sim 22
45,49.99,1927,78,2017,0,aerofly fs2 flight sim
1,69.99,19263,89,2022,1143,fianl fantasy 7 remastered
2,0,137491,79,2016,1233,world of tanks blitz
3,29.99,7286,95,2023,419,the talos principle 2
4,0,8683,72,2021,154,honkai impact
5,39.99,134243,95,2021,4400,it takes two
6,0,1343,76,2023,383,snowbreak
7,19.99,13708,93,2023,1737,gorilla tag
8,24.99,1665,95,2023,154,jusant
9,0,9295,71,2022,247,tower of fantasy
10,29.99,312,78,2024,312,penny's big breakaway
11,9.99,315867,98,2011,3680,portal 2
12,0,109288,85,2021,2527,stumble guys
13,49.99,4191,90,2022,160,crisis core final fantasy 7
14,1.99,149,95,2022,0,drift racin g car
15,0,22491,81,2021,364,Soul Dossier
16,39.99,8669,98,2023,120,Bombrush cyberpunk
17,10.99,1193,79,2023,177,letiathan's fantasy
18,9.99,130172,98,2007,2202,Portal
19,9.99,15964,89,2012,296,Sonic Adventure 2
20,59.99,16732,92,2022,257,Sonic Frontiers
21,39.99,11007,93,2019,134,Spyro reignited trilogy
22,14.99,1530,89,2023,38,the break in
23,0,21,38,2024,21,perfect world
24,29.99,10889,84,2017,237,hello neighbor
25,59.99,1792,55,2024,1792,jjk cursed clash
26,59.99,1422,85,2022,43,sackboy a big adventure
27,24.99,4801,93,2023,159,viewfinder
28,29.99,39273,209,2017,209,a hat in time
29,19.99,18445,93,2011,350,sonic generations
30,39.99,11021,92,2022,205,kena bridge for spirits
31,39.99,11138,93,2018,118,crash bandicoot insane triology
32,4.99,431,69,2023,121,only up w/ friends
33,29.99,760,93,2018,0,marble it up ultra
34,14.99,11841,93,2016,98,cluter truck
35,39.99,2035,86,2022,70,crash bandicoot its about time
36,19.99,13713,89,2011,339,alice madness returns
37,0,591,43,2019,10,dk online season 2
38,1.99,4306,94,2023,131,apewar
39,7.99,11456,92,2011,148,sonic dx adventure
40,29.99,704,94,2022,10,olli olli world
41,39.99,1100,78,2022,20,soulstice
42,0,217,89,2024,217,chinese shit
43,21.99,6673,64,2015,31,trine 3
44,19.99,170,71,2023,170,boti byteland overclocked
1,12.99,2610,94,2024,2610,Supermarket simulator
2,29.99,35754,85,2024,22068,enshrouded
3,29.99,161294,86,2024,5497,sons of the forest
5,24.99,62942,94,2022,1971,Cult of the Lamb
6,39.99,848767,87,2018,10847,rust
7,44.99,41069,58,2023,1971,ark survival ascended
8,59.99,217414,86,2016,2340,civ 6
9,39.99,9041,74,2023,1250,myth of empires
10,0,128657,87,2014,3137,sims 4
11,29.99,7843,61,2024,61,nightingale
12,59.99,20565,87,2021,87,jurrasic world evolution 2
13,14.99,553809,98,2016,7949,stardew valley
14,39.99,9210,73,2024,1402,Myth of Empires
15,11.99,2317,77,2022,17,cartel tycoon
16,17.99,1095,90,2024,657,kebab chefs
17,19.99,211579,94,2013,5272,project zomboid
18,19.99,257215,93,2022,2565,Raft The Final Chapter
19,34.99,151201,98,2018,1474,Rimworld
20,34.99,8283,79,2023,144,Dune Spice Wars
21,9.99,1002026,97,2011,9627,Terraria
22,49.99,17274,57,2023,348,Kerbal Space Program 2
23,29.99,24,50,2024,24,robin hood sherwood builders
24,14.9,512462,83,2017,2910,Ark Survival Evolved
25,9.99,900571,96,2006,8700,Garry's Mod
26,49.99,34500,57,2023,1771,Citites Skylines 2
27,35,14635,97,2020,1284,Factorio
28,29.99,83588,92,2018,790,frost punk
29,44.99,64341,90,2019,567,Planet Zoo
30,19.99,377576,94,2021,2976,Valheim
31,39.99,5259,77,2023,470,houseflipper 2
32,29.99,187320,93,2015,1158,cities skylines
33,19.99,449767,95,2018,3499,the forest
34,24.99,21774,95,2021,546,timberborn
35,24.99,207530,88,2013,2133,7 days to die
36,34.99,30208,70,2021,319,icarus
37,29.99,132787,97,2020,1536,satisfactory
38,39.99,66730,78,2018,330,conan exiles
39,24.99,4357,90,2022,72,the wandering village
40,29.99,14489,91,2021,113,riftbreaker
41,29.99,23207,95,2022,243,dwarf fortress
42,19.99,26843,95,2021,775,world box
43,34.99,6170,81,2022,228,construction simulator
44,14.99,61596,94,2016,1805,my summer car
45,29.99,12311,88,2023,385,coral island
46,19.99,67974,88,2022,672,vrising
47,19.99,12060,95,2022,326,plate up
48,19.99,91181,89,2019,443,space engineers
49,19.99,753,99,2023,38,cattails wildwood story
50,19.99,27560,86,2009,139,sims 3
1,19.99,561,84,2023,15,All in one sports vr
2,19.99,372,95,2019,0,premium bowling
3,29.99,47,63,2022,0,pba pro bowling 2023
4,9.99,2932,91,2011,15,rock of ages
5,14.99,85,78,2020,0,pba pro bowling 2021
6,14.99,163,77,2019,0,pba pro bowling
7,12.99,107,57,2017,0,vr super sports
8,19.99,10,80,2023,10,forevr bowl
9,3.99,2,100,2019,0,rocko bowling
10,9.99,3,0,2022,0,bowling
11,7.99,5,60,2023,5,desktop bowling
12,599.97,11,90,2023,11,Break everything living room
13,9.99,165,93,2016,0,zombie bowl-o-rama
14,0.99,55,90,2018,0,hyperbowl
15,4.99,12,100,2022,0,roxy raccoon's bowling bash
16,4.99,8,100,2019,0,bomb bowling 2
17,0.99,2,50,2022,0,clashbowl
18,4.99,1,100,2022,0,Ball boys
20,0.99,1,100,2023,1,rope bowling
21,5.99,0,84,2023,0,puzzle of blocks
22,6.99,0,84,2023,0,black abyss
23,3.99,5,100,2022,0,blanki ball
24,1.99,1,0,2022,0,impossiball
25,4.99,2,100,2023,2,tentacle prawn
28,5.99,3,100,2022,0,pier arcade
29,4.99,10,90,2023,0,bowling hills
30,4.99,14,85,2015,0,bocce revolution
31,0.99,2,100,2021,0,extraorb
32,4.99,25,80,2018,0,vr mini bowling
33,9.99,8,88,2018,0,the master club
34,10.99,1,0,2021,0,vr 10 pin bowling
35,1.99,2,100,2022,0,shovel bear
36,1.99,10,90,2021,0,sphere game epic
37,19.99,0,84,2023,0,redbeck bowl games
38,2.99,8,63,2019,0,strike solitaire
39,3.99,2,100,2019,0,rocko bowling
40,3.99,1,0,2020,0,knockout bowling
41,1.99,1,100,2023,1,pin crasher
42,24.99,0,84,2023,0,fitness vr
43,7.99,5,60,2019,0,bolf
44,9.99,7,71,2021,0,date night bwling
45,7.99,5,80,2020,0,vr mini bowling 2
46,0.99,2,0,2020,0,puzzle bowling
47,9.99,2,0,2022,0,pro bowling vr
49,7.99,2,100,2022,0,pepibo
1,59.99,4223,80,2023,317,wwe 2kk23
2,19.99,1841,49,2021,49,wrestling empire
3,0,1554,67,2023,49,flash party
4,29.99,2729,90,2017,14,fire pro wrestling world
5,59.99,980,64,2023,15,fight forever
6,39.99,349,68,2020,0,w2k battle grounds
7,19.99,329,97,2021,12,pro wrestling sim
8,29.99,314,83,2023,10,wrestlequest
9,14.99,278,85,2023,29,old school
10,14.99,36,83,2023,36,casual pro wrestling
11,19.99,117,82,2023,82,checkmate showdown
12,2.99,183,58,2021,0,fighting robots
13,19.99,58,79,2020,0,treachery in beatdown city
14,4.99,168,97,2021,0,sumotori dreams
15,9.99,385,87,2014,0,wrestling revolution 3d
16,19.99,66,92,2016,0,tew 2013
17,4.99,17,94,2023,17,School Days
18,4.99,46,91,2023,46,Extra Lives
19,4.99,6,67,2022,0,Wrestling manager 2023
20,2.99,25,96,2021,0,gachi dungeon master
21,2.99,6,83,2023,6,ring stars
22,2999.85,11,27,2018,0,dungeons and hunting 
23,14.99,76,81,2015,0,tew2010
24,6.99,102,95,2013,0,slammed
25,19.99,23,39,2015,0,wrestling spirit 3
27,0.99,8,0,2020,0,tinibblas
28,2.99,6,100,2021,0,little fighters on stream
29,11.99,14,57,2020,0,brass town wrestling
30,9.99,2,50,2021,0,arm wrestling reborn
34,14.99,1,100,2022,0,vayan
35,1.99,0,84,2022,0,seabed frog
36,4.99,2,100,2022,0,oxyjet
37,1.99,1,0,2023,1,politics memes kombat
38,4.99,2,100,1988,0,bop'n wrestle
39,7.99,1,100,2020,0,raging fists retribution
42,6.99,0,84,2023,0,skull fracture
43,0.99,1,100,2023,1,lucha masters sticker mania
1,24.99,8,88,2024,8,Mobius Machine
2,29.99,2652,89,2023,221,The Invincible
3,29.99,592,83,2024,592,Islands of Insight
4,39.99,8050,86,2023,188,Six Days in Fallujah
5,24.99,113,80,2024,113,Bootstrap Island
7,19.99,5224,95,2020,62,Manifold Garden
8,29.99,2107,82,2023,125,Tainted Grail The Fall of Avalon
9,14.99,4975,85,2023,196,Storyteller
10,29.99,10065,92,2022,151,tunic
11,0,6245,86,2020,175,Idle Slayer
12,9.99,2165,96,2021,199,Class of 09
13,5.99,6267,97,2023,447,Pesudoregalia
14,39.99,13399,85,2016,127,The Witness
15,29.99,5045,88,2021,77,Dark Pictures House of Ashes
16,14.99,161,91,2020,0,Timebreak cronciles
17,39.99,1942,87,2023,88,colony ship
18,6.99,634,95,2023,85,cornkidz
19,19.99,1193,90,2023,33,alien hominid invasion
20,19.99,147,88,2022,17,boat crew
21,6.99,3567,96,2019,69,pilgrims
22,19.99,271,86,2023,271,deflector
23,12.99,383,74,2022,24,aka
24,9.99,429,97,2021,0,teacup
25,19.99,480,96,2022,12,ctrl alt ego
26,11.99,664,98,2023,63,down the bunburrows
27,12.99,482,96,2023,43,cavern of dreams
28,29.99,5482,88,2021,60,highfleet
29,2.99,710,91,2023,87,myths of rules
30,17.99,216,93,2023,16,anode heart
31,14.99,894,94,2022,19,stay out of the house
32,2.99,209,86,2024,23,ultimate ragdoll game
33,19.99,12431,95,2013,50,antichamber
34,19.99,183,96,2021,0,bonfire peaks
35,29.99,2808,77,2016,13,obduction
36,9.99,247,95,2021,20,lngo
37,4.99,239,76,2023,16,paranormal cleanup
38,19.99,499,84,2023,18,song of the prairie
39,19.99,23,73,2024,23,powerlust
40,14.99,107,98,2023,107,within the backrooms
41,24.99,56,87,2023,56,colossal cave
42,13.99,1759,92,2022,28,crystal project
43,13.99,480,85,2020,12,cartune
1,3.99,696461,98,2018,12503,wallpaper engine
2,7.99,12936,91,2020,1066,crosshair x overlay
3,4.99,61129,96,2016,1312,soundpad
4,19.99,13079,99,2016,343,aseprite
5,44.99,1405,94,2022,56,dungeon alchemist
6,34.99,13981,93,2013,197,3dmark
7,6.99,2072,85,2018,402,lossless scaling
8,0,4050,92,2021,124,vtube studio
9,4.99,1840,62,2022,119,dsx
10,11.99,2499,88,2019,40,ovr toolkit
11,4.99,4044,70,2021,123,mydockfinder
12,14.99,1763,95,2017,27,stream avatars
13,19.99,455,73,2023,24,standable full body estimation
14,14.99,1900,70,2016,13,virtual desktop
15,39.99,579,83,2020,11,fantasy grounds
16,4.99,2980,92,2021,25,live2dviewerEX
17,59.99,222,84,2018,0,SRpg Studio
18,6.99,126,83,2023,24,XBplay
19,3.99,1532,94,2020,37,yolomouse game cursor changer
20,9.99,62,74,2022,0,vbridger
21,11.99,1006,96,2009,10,voiceattack
22,19.99,580,83,2020,12,fantasy grounds
23,9.99,1015,87,2020,24,xsoverlay
24,34.99,914,86,2013,0,display fusion
25,3.99,1875,97,2018,14,fosvr
26,0,301,68,2017,0,ivry
27,6.99,3063,88,2021,139,hudsight
28,14.99,26,73,2024,26,vridge
29,29.99,27,92,2023,27,beam eye tracker
30,0,178,93,2006,0,tacview
31,29.99,268,88,2017,0,music sandbox
32,24.99,98,98,2021,0,midinous
33,69.98,159,68,2023,159,gameguru
34,29.99,319,66,2017,0,pcmark 10
35,9.99,542,84,2018,0,muou natural locomotion
36,6.99,46,60,2024,23,start11
37,29.99,10,50,2024,10,fences 5
38,17.99,807,60,2021,21,driver 4v5r
39,29.99,130,90,2021,0,here here vr player
40,11.99,176,97,2022,0,vrmposing desktop
41,79.99,23,69,2023,23,video editor 2024
42,39.99,456,73,2017,0,card creator
43,99.99,1206,90,2013,28,clickteam fusion standard
44,7.99,47,80,2024,47,noise-o-matic
45,3.99,3106,88,2015,23,borderless gaming the ultimate utility
46,11.99,1661,85,2017,31,fps aypcsigas
47,0,1133,84,2022,57,GameMaker
48,19.99,89,86,2021,0,Pixel over
1,12.99,5025,94,2024,5025,supermarket simulator
3,19.99,538254,97,2012,6890,euro truck simulator 2
4,19.99,118938,97,2016,1625,american truck simulator
5,29.99,4882,82,2024,4882,pacific drive
7,59.99,152117,88,2021,4170,forze horizon 5
8,24.99,213625,97,2015,5528,beamNG.drive
9,32.99,2188,80,2024,2188,le mans ultimate
10,29.99,25817,89,2021,709,snowrunner
11,19.99,90750,92,2014,1908,assetto corsa
12,19.99,5684,77,2017,635,wrc the official game
14,9.99,2160,83,2015,48,iracing
15,39.99,20737,92,2019,376,asseto corsa competizione
16,59.98,1472,76,2023,270,train sim world 4
17,24.99,22280,96,2021,333,car mechanic simulator 2021
18,69.99,12099,86,2023,812,f1 23
19,15.99,26841,91,2019,879,the long drive
20,39.99,4529,81,2021,44,hotwheels unleashed
21,29.99,80563,95,2022,1508,teardown
22,14.99,68886,95,2017,956,carxdrift racing online
23,19.99,2878,91,2023,131,thief simulator 2
24,24.99,17038,93,2019,336,spacebound trailmakers
25,14.99,17490,71,2009,96,train simulator classic
26,29.99,669,76,2021,95,wrc 9
27,69.99,5567,38,2023,280,forza motorsport
28,19.99,29401,88,2019,551,dirt rally2.0
29,29.99,1213,73,2020,76,wrc 8
30,69.99,22691,63,2022,1583,unbound
31,39.99,1202,70,2022,61,mx vs atv legends
32,39.99,6066,92,2020,91,automobilista 2
33,19.99,43881,91,2017,173,car mechanic simulator 2018
34,0,5444,69,2023,167,speedstorm
35,34.99,2930,72,2021,36,bus simulator 21
36,29.99,6322,82,2013,83,omsi 2
37,24.99,1088,96,2023,198,sledders
38,49.99,1217,72,2021,28,wrc 10
39,69.99,85567,84,2019,3982,need for speed heat
40,29.99,31300,94,2011,151,mafia 2
41,14.99,2335,82,2020,65,nascar heats
42,19.99,1607,76,2021,14,lawn mowing simulator
43,17.99,11446,87,2023,570,car for sale
44,42.99,141,79,2023,16,moving out 2
45,59.99,490,62,2023,15,2k drive
46,29.99,26782,87,2018,121,wreckfest
47,24.99,4069,93,2020,21,art of rally
1,59.99,583836,92,2022,12340,elden ring
2,59.99,513631,96,2023,19670,bg3
4,39.99,254844,88,2018,3316,monster hunter world
5,29.99,36591,86,2024,16544,enshrouded
6,59.99,24612,91,2024,18657,granblue fantasy relink
7,39.99,58746,81,2022,927,monster hunter rise
8,9.99,53223,76,2017,578,black desert
9,0,198377,71,2022,730,lost ark
10,0,70309,75,2022,1555,master duel 2nd anniversary
11,19.99,65856,88,2014,538,ff14 online
12,19.99,118224,83,2014,656,elder scrolls online
13,24.99,63087,94,2022,2044,cult of the lamb
14,49.99,9748,81,2023,269,age of wonders
15,59.99,19854,61,2023,545,lords of the fallen
16,59.99,67787,61,2022,794,total war warhammer 3
17,69.99,19402,89,2022,1216,ff7 remake intergrade
18,39.99,8414,93,2023,404,sifu
19,59.99,11894,75,2022,384,tiny tina's wonderland
20,0,8619,66,2023,642,murders at karlov manor
21,0,356868,82,2017,3512,brawlhalla
22,0,22753,71,2020,127,phatasy star online
23,24.99,13283,88,2023,259,sun haven
24,0,4218,70,2024,539,summoner war
25,0,14779,88,2022,446,guild wars 2
26,24.99,8208,70,2023,254,for the king 2
27,39.99,155700,93,2016,2543,skyrim
28,59.99,184502,92,2023,2717,hogwarts legacy
29,39.99,233675,70,2021,730,new world
30,0,115755,79,706,2015,smite
31,69.99,13533,68,2023,1271,diablo 4
32,59.99,196100,95,2019,2342,sekiro
33,0,23043,83,2020,203,runescape
34,0,13318,78,2020,83,idle champions
35,29.99,76929,84,2018,327,warhammer vermintide 2
36,49.99,9854,75,2023,663,rogue trader
37,19.99,377853,94,2021,2787,valheim
38,0,217095,88,2013,1170,path of exile affliction
39,0,8125,67,2016,0,digimon masters
40,59.99,239844,94,2016,2728,dark souls 3
41,59.99,23571,92,2023,1469,lies of p
42,49.99,1354,86,2024,1354,banishers ghosts of new eden
43,24.99,31685,90,2019,592,blasphemous
44,0,2270,60,2019,22,game of thrones
45,39.99,10338,81,2021,43,monster hunter stories 2
46,14.99,481,87,2024,117,Spell Disk
1,0,565710,87,2013,5658,warframe
2,29.99,221338,97,2020,3914,deep rock galactic
3,59.99,100618,85,2020,1045,borderlands 3
4,0,584667,80,2019,3399,destiny 2
5,59.99,11859,75,2022,387,tiny tina's wonderlands
6,19.99,187219,95,2012,753,borderlands 2
7,24.99,11146,95,2023,617,robo quest
8,24.99,178359,96,2020,2082,risk of rain 2
9,24.99,5922,79,2023,359,ghosts of tabor
10,0,40186,77,2022,1859,stalcraft
11,24.99,203,72,2024,203,the brew barons
12,29.99,13213,73,2023,599,the division 2
13,39.99,27733,83,2014,27733,borderlands the pre-sequel
14,69.99,4440,78,2024,3732,suicide squad
15,19.99,79716,93,2021,382,gunfire reborn season 1
16,9.99,425116,89,2013,1525,payday 2
17,9.99,4861,87,2023,349,Magicraft
18,19.99,8638,87,2022,196,zero sievert
19,29.99,2122,77,2021,19,after the fall
20,19.99,44915,66,2021,140,outriders
21,0,535481,91,2017,2675,unturned
22,29.99,12128,75,2022,106,marauders
23,0,110,64,2006,0,japanese 21
24,0,2556,54,2024,993,hawked
25,14.99,1343,67,2022,0,from space
26,29.99,70510,71,2016,309,the division
27,0,4710,67,2023,79,synced
28,19.99,131,77,2022,0,holomento
29,19.99,266,88,2023,266,nienix
30,29.99,337,70,2023,337,requisition
31,29.99,11844,86,2023,193,borderlands goty enhanced
32,14.99,915,62,2023,10,relic hunters legend
33,8.99,1566,86,2022,41,insect swarm
34,10.99,67,73,2023,67,poly roam
35,4.99,2995,95,2003,21,alien shooter
36,29.99,22082,87,2016,125,shadow warrior
37,24.99,2978,93,2022,20,nightmare reaper
38,24.99,286,81,2023,27,battle shapers
39,4.99,34,88,2024,34,godsvivors
40,11.99,210,74,2022,15,eargone
41,7.99,71,80,2023,71,survivor mercs
42,9.99,9,55,2024,9,delivery boy
1,4.99,75,94,2024,75,Space Will
2,19.99,6440,95,2015,98,Caves fo Qud
3,0,278,61,2023,37,Supreme Summoner
4,14.99,258,95,2021,30,The Doors of Trithius
5,19.99,293,93,2023,22,Cataclysm Dark Days Ahead
6,17.99,176,89,2023,34,Soulash 2
7,6.99,747,88,2023,18,Endgame of Devil
8,19.99,1082,94,2017,18,Cogmind
9,9.99,480,99,2023,37,Path of Achra
10,19.99,649,78,2020,0,Shiren The Wanderer
11,9.99,1050,95,2022,20,Shattered Pixel Dungeon
12,11.99,49,89,2024,22,Rogue Fable 4
13,6.99,5157,95,2012,32,Tales of Maj'Eyal
14,24.99,266,90,2022,0,Monster Girls & The Mysterious 2
15,19.99,130,68,2023,130,Liberte Join the Revolution
16,0,328,79,2024,77,Monster Tiles TD
17,10.99,1057,93,2016,0,Unreal World
18,7.99,3494,94,2011,0,Dungeons of dredmor
19,14.99,62,95,2023,62,deadnaut signal lost
20,14.99,2814,90,2017,12,low magic age
21,11.99,418,88,2019,0,dredgers
22,9.99,342,97,2015,0,hyperrouge
23,9.99,657,93,2021,0,rogue fable 3
24,3.49,3355,94,2014,0,one way heroics
25,0,114,85,2024,31,summon masters
26,19.99,375,49,2021,0,ultimate adom caverns of chaos
27,14.99,991,83,2018,0,tangledeep
28,4.99,1087,84,2013,0,the pit osmium
29,10,1052,78,2022,0,fateseeker journy
30,4.99,454,78,2014,0,quest of dungeons
31,24.99,1373,91,2021,0,jupiter hell
32,9.99,24,83,2022,0,ampersat
33,7.99,1083,86,2016,0,wayward
34,2.99,367,96,1985,0,rogue
35,4.99,29,75,2015,0,xlarn
36,14.99,322,84,2019,0,rogue empire
37,5.99,43,81,2023,43,the wratch's den
38,10.99,77,77,2023,77,xenoworld the ronde..
39,5.99,191,89,2022,0,zorbus
40,2.99,338,83,2022,0,another farm roguelike
41,4.99,390,89,2015,0,pixel dungeon
42,5.99,298,84,2023,298,journy to the west survivor
43,19.99,93,66,2022,0,tower princess
44,24.99,6314,77,2022,0,chinese shit
1,29.99,342,85,2023,32,Wizardry
2,0,5496,79,2023,242,Town of Salem 2
3,4.99,2086,89,2020,11,Agrou
4,3.99,60,93,2023,13,lycans
5,4.99,31003,89,2014,50,Town of Salem
6,0,704,83,2023,53,Wolvesville
7,14.99,589,86,2020,0,Werewolf The Apocalypse
8,5.99,86,96,2023,86,Trust no Bunny
9,5.99,185,90,1995,0,The Beast Within
10,9.99,101,74,2016,0,Wailing Heights
11,4.99,86,74,2022,0,El Paso Nightmare
12,14.99,536,81,2022,0,Wigmund
13,5.99,21,95,2023,0,The Wolf of Derevnya
14,7.99,106,85,2019,0,Sinister Halloween
15,9.99,4,25,2023,4,magic city detective
16,6.99,14,50,2022,0,connected hearts
17,14.99,108,82,2020,0,terrordrome
18,2.99,1,100,2020,0,retropixel color palette
19,7.99,67,92,2023,67,blood moon
20,6.99,42,95,2020,0,werewolves 2 pakc mentality
21,4.99,4,100,2024,4,american werewolf in la
22,1.99,26,73,2021,0,the dark world edge of eternity
23,4.99,6,100,2023,6,wolf
24,1.99,11,100,2020,0,Journy of the witch emily
25,4.99,13,100,2021,0,freebooter of sploot
30,1.99,6,67,2021,0,color by number monster heroes
31,1.99,8,50,2021,0,lost in terra mora
32,0,19,78,2021,0,the wolf's den
33,2.99,8,50,2021,0,selen's nightmare
34,3.99,7,86,2021,0,hoguru presents: the hosue within
35,1.99,29,96,2022,0,jigsaw bestiary
40,5.99,7,100,2023,7,the last werewolf
1,39.99,273363,90,2020,3107,Sea of Thieves 2023 Edition
2,24.99,40743,90,2020,625,Stormworks
3,0,1506,43,2023,20,Uncharted Waters origin
4,0,132,65,2021,0,Chinese Text Online
5,0,12045,57,2019,131,Naval Action
6,9.99,5087,94,2005,80,Sid Meiers Pirates
7,29.99,527,67,2024,527,Caribbean Legend
8,0,53,56,2023,12,Conquest of Empires 2
9,19.99,240,56,2023,13,Seagrama World of Shipping
10,10.99,92,93,2024,92,Lazaret
11,29.99,233,87,2022,0,Captain Bones
12,24.99,3507,79,2023,63,Sailing Era
13,37.99,539,94,2019,0,eSail
14,24.99,68,51,2024,68,Tortuga A Pirate's Tale
15,17.99,430,66,2024,273,Corsairs Legacy
16,29.99,36345,47,2018,59,Atlas
17,19.99,889,59,2020,0,Windbound
18,39.99,1129,58,2020,0,port royale 4
19,29.99,1700,79,2021,0,age of sail
20,39.99,37,86,2022,0,virtual sailor ng
21,24.99,520,57,2021,0,king of seas
22,19.99,832,96,2020,0,horizon's gate
23,39.99,868,69,2018,0,sailaway
24,17.99,319,83,2022,0,buccaneers!
25,24.99,2177,79,2018,11,fishing barents sea
26,9.99,150,91,2023,150,islands of the caliph
27,19.99,394,93,2022,12,sail forth
28,14.99,1679,70,2016,0,tempest
29,0,7536,62,2019,64,lands
30,19.99,1143,59,2015,0,blood & gold caribbean
31,14.99,627,71,2018,0,escape the pacific
32,0,133,65,2021,0,chinese shit
33,14.99,58,82,2022,0,sail
34,14.99,1047,72,2012,0,port royale 3
35,0,117,75,2022,0,maritime hegemony
36,19.99,1211,52,2020,10,deadliest catch the game
37,14.99,304,43,2020,0,the viking way
38,9.99,101,32,2023,101,kingdom of wreck business
39,6.99,19,84,2021,0,cruise ship handling
40,14.99,1826,73,2016,26,sea dogs to each his own
41,4.99,524,70,2019,0,uncharted ocean
42,7.99,196,73,2009,0,sea dogs city of abandoned ships
43,19.99,32,88,2019,0,marine verse cup
44,14.99,1939,76,2018,0,salt
45,19.99,565,41,2016,0,european ship simulator
46,0.99,374,96,2022,11,sunset routes
1,29.99,78825,95,2019,1206,Devil May Cry 5
2,0,1235,56,2008,0,Cosmic Break Universal
3,24.99,90372,98,2020,4196,Ultrakill
4,29.99,7748,91,2018,150,Devil May Cry HD Collection
5,24.99,11419,89,2015,111,Devil May Cry 4 Special Edition
6,29.99,16965,93,2013,94,Devil May Cry
7,29.99,20121,97,2023,479,Hi-Fi Rush
8,29.99,57668,96,2014,822,Metal Great Rising Revengeance
9,0,10073,73,2020,55,Soul Worker
10,24.99,1126,76,2023,82,Cuisineer
11,0,7614,71,2021,156,Smash Legends
12,39.99,1103,76,2021,12,Ninja Gaiden Master Collection
13,19.99,22088,92,2017,172,Bayonetta
14,49.99,5707,74,2022,158,Evil West
15,7.99,4849,89,2022,100,Just Act Natural
16,49.99,152,76,2023,152,Dragon quest treasures
17,12.99,328,85,2021,0,fearmonium
18,14.99,331,95,2018,0,lucah born of a dream
19,14.99,251,96,2023,27,reaver
20,19.99,5724,89,2017,43,vanquish
21,19.99,3446,77,2014,12,killer is dead
22,19.99,913,90,2021,65,garden story
23,29.99,1813,88,2023,67,eternights
24,10.99,23318,90,2016,156,icey
25,10.99,98,88,2020,0,chupa chupa vr
26,9.99,475,84,2018,0,catmaze
27,15.99,466,86,2022,0,valkyrie
28,39.99,1104,78,2022,21,soulstice
29,14.99,682,80,2020,12,bloodrayne
30,21.99,2749,86,2020,24,vigil
31,14.99,160,90,2009,0,wallace & gromits grand adventures
32,12.99,999,59,2009,0,x blades
33,39.99,1103,76,2021,12,Ninja Gaiden Master Collection
34,24.99,312,78,2017,0,ben 10
35,19.99,188,76,2020,0,belicta
36,8.99,325,93,2016,0,sora
37,29.99,534,89,2019,17,hello neighbor: hide & seek
38,9.99,745,83,2012,11,blades of time
39,14.99,163,68,2020,0,saber fight
40,16.99,306,77,2023,306,vernal edge
41,19.99,527,68,2016,0,anima gate of memories
42,16.99,39,92,2022,0,numina
1,14.99,38358,89,2018,285,Pummel party
2,19.99,1569,84,2023,88,Gunsmith Simulator
3,19.99,51756,95,2018,986,yakuza 0
4,19.99,10756,95,2019,262,yakuza 2
5,19.99,13175,93,2019,391,yakuza
6,8.99,637,94,2018,0,the office quest
7,29.99,281,75,2022,55,bratz flaunt your fashion
8,16.99,2714,76,2017,14,party panic
9,0,790,82,2022,44,microworks
10,17.99,2022,96,2019,25,later alligator
11,14.99,4062,93,2019,42,swords & souls neverseen
12,34.99,254,54,2021,0,flaklypa grand prix
13,4.99,725,98,2024,10,kukoro stream chat games
14,4.99,230,92,2023,230,deducto 2
15,13.99,0,84,2024,0,maze of realities
16,10.99,345,92,2017,0,attentat 1942
17,4.99,651,96,2022,16,a = b
18,9.99,559,93,2021,0,spookware
19,19.99,49,87,2017,0,loco dojo
20,14.99,147,100,2022,0,open day
21,14.99,254,93,2020,0,prodigal
22,4.99,2463,87,2012,0,mcpixel
23,13.99,1,100,2023,1,hidden object secrets
24,19.99,143,95,2020,0,pixel ripper 1995
25,9.99,1247,83,2007,72,rayman raving rabbits
26,21.99,47,70,2023,47,love too easily
27,19.99,165,92,2020,0,hotel rnr
28,1.99,378,94,2018,0,up left out
29,11.99,71,90,2021,0,karma city police
30,9.99,94,70,2021,0,until the last plane
31,7.99,56,91,2023,0,otome legends
32,4.99,114,81,2022,0,mimicry
33,5.99,20,100,2024,20,slippy the frog
34,9.99,286,61,2016,0,marooners
35,1.99,306,93,2019,0,naboki
36,2.49,46,95,2021,0,dinogotchi
37,5.99,2017,97,2021,15,pureya
38,1.99,243,86,2016,0,12 orbits
39,2.99,96,79,2016,0,slap village
1,39.99,92498,94,2020,2323,Detroit Become Human
3,24.99,141,79,2024,141,Bootstrap island
4,19.99,17111,88,2020,268,beyond two souls
5,9.99,6,83,2024,6,dreamio ai-powered adventures
6,14.99,16009,95,2013,136,call of juarez gunslinger
7,19.99,9723,83,2020,163,heavy rain
8,29.99,5056,88,2021,82,dark pictures house of ashes
9,14.99,38833,92,2013,94,the stanley parable
10,5.99,155,78,2024,53,writer's rush
11,19.99,3100,89,2021,28,curious expedition 2
12,2.99,214,51,2024,18,reigns 3 kingdoms
13,34.99,70,58,2024,22,unforetold witchstone
14,9.99,246,82,2022,0,psych
15,12.99,5936,91,2019,33,while true: learn
16,19.99,77,49,2023,77,salty hounds reboot
17,9.99,203,95,2023,10,atom eve
18,14.99,26864,95,2011,71,bastion
19,14.99,125,74,2022,0,linguist fps
20,29.99,1591,86,2020,19,observer
21,9.99,3,0,2023,3,scarlet hycinth
22,6.99,123,90,2023,123,family curse
23,29.99,299,74,2023,299,the pioneers surviving desolation
24,29.99,395,89,2023,395,finnish army simulator
25,14.99,3500,91,2016,0,curious expedition
26,19.99,1368,79,2016,0,event[0]
27,19.99,430,94,2020,0,lightmatter
28,29.99,1870,80,2022,57,martha is dead
29,24.99,388,84,2022,0,young souls
30,14.99,10,100,2024,10,cyber noir stories the trunk
31,18.99,2067,92,2020,13,change a homeless survival experience
32,19.99,50,88,2022,0,wolves on the westwind
33,19.99,767,43,2021,0,chinese crap
34,6.99,151,71,2023,151,"please, forgive me"
35,9.99,61,93,2022,0,kaichu
36,7.99,12,83,2024,12,the rule 7
37,6.99,83,74,2023,83,last lesson
38,6.99,685,87,2013,0,the journey down chapter 1
39,14.99,993,89,2016,0,deadly tower of monsters
40,13.99,0,84,2024,0,unsolved case: killer popularity
1,9.99,51324,90,2022,4010,escape the backrooms
3,14.99,11914,94,2021,323,escape simulator
4,29.99,4706,93,2017,28,the nonary games
5,17.99,10993,91,2022,289,we were here forever
6,12.99,10733,85,2019,289,we were here together
7,5.99,11350,94,2022,126,the past within
8,9.99,6431,80,2018,171,we were here too
9,16.99,221,93,2023,16,escape from mystwood mansion
10,19.99,687,86,2022,0,escape academy
11,19.99,491,87,2022,27,the inheritance of crimson manor
12,19.99,2070,90,2012,15,chaos of deponia
13,5.99,746,92,2023,37,unboxing the cryptic killer
14,8.99,13494,98,2021,228,the room 4 old sins
15,4.99,4588,98,2023,94,underground blossom
16,19.99,1019,89,2021,19,down in bermuda
17,3.99,5886,97,2016,57,rusty lake roots:
18,4.99,5367,98,2020,56,cube escape collection
19,19.99,82,97,2022,0,egression
20,14.99,276,67,2023,21,how 2 escape
21,80.96,3274,89,2002,23,syberia
22,80.96,1409,87,2004,11,syberia 2
23,19.99,2510,84,2016,14,desponia doomsday
24,15.99,97,93,2024,24,clem
25,7.99,282,86,2022,0,escape memoirs mansion heist
26,0,9093,97,2018,98,cube escape paradox
27,29.99,3282,97,2020,36,the room vr a dark matter
28,9.99,462,93,2023,17,creepy tale 3 ingrid penance
29,24.99,1030,96,2021,13,I expect you to die 2
30,10.99,105,80,2023,10,mystic academy
31,4.99,1994,86,2020,19,creepy tale
32,9.99,961,87,2021,16,creepy tale 2
33,19.99,453,95,2023,453,homebody
34,19.99,2629,78,2012,17,the testament of sherlock holmes
35,0,4194,86,2022,110,escape memoirs mini stories
36,12.99,54,59,2022,0,mad experiments 2
37,7.99,297,55,2002,0,post mortem
38,4.99,28,82,2023,28,whispers in the west
39,1.99,46,95,2024,46,her trees the puzzle house
40,14.99,19,100,2024,12,detective ridelle
41,9.99,362,88,2021,0,tested on humans
42,7.99,317,81,2014,0,return to mysterious island
43,19.99,2384,89,2013,10,the night of the rabbit
44,8.99,10,100,2024,10,paramnesia escape together
45,9.99,291,92,2010,0,the penal zone
46,9.99,179,69,2008,0,a vampyre story
47,19.99,1425,76,2014,11,the whispered world special edition
1,69.99,3171,87,2023,232,ghost runner
2,0,17605,89,2018,251,dark deception
3,9.99,835,77,2023,44,yeah you want those games
4,19.99,277,98,2023,16,bit trip
5,7.99,60,96,2024,60,decimate drive
6,1.99,878,88,2017,57,waveshaper
7,9.99,17,94,2024,17,the alto collection
9,19.99,11071,82,2016,179,mirror's edge catalyst
10,19.99,1992,81,2022,0,stide
11,1.99,161,99,2024,161,hotdog runner
12,9.99,204,92,2023,204,warstride challenges
13,5.99,158,77,2024,39,writer's rush
14,2.99,9128,81,2021,48,altf4
15,2.99,8663,91,2019,74,seen
16,4.99,14,85,2024,14,run pizza run
17,5.99,929,95,2015,14,dino run dx
18,6.99,824,90,2013,0,vector
19,14.99,1592,93,2013,0,runner 2
20,4.99,342,81,2021,0,the cargiver
21,2.99,86,87,2020,0,speed scars
22,9.99,2151,80,2021,0,hextech mayhem
23,4.99,615,92,2023,615,hans
24,3.99,328,75,2023,328,altf42
25,19.99,321,79,2016,0,tron runner
26,5.99,89,86,2007,0,free running
27,9.99,1891,94,2013,0,race the sun
28,4.99,443,60,2016,16,dead island retro revengers
29,3.99,165,86,2015,0,duck life retro pack
30,6.99,9,55,2023,9,sempiternal
31,5.99,65,100,2022,0,supercow
32,16.99,257,96,2020,0,panoptic
33,10.99,2641,93,2022,18,soda crisis
34,4.99,21,95,2024,21,rain runner
35,4.99,1301,93,2014,0,boson x
36,0.99,0,84,2024,0,og memory: synthwave cars
37,1.99,154,68,2023,154,kao mystery of volcano
38,2.99,155,81,2022,0,zodiac fantasy 2
39,4.99,11,100,2024,11,the shadow of the evil tower
40,18.99,3,100,2023,3,meiqi
41,3.99,12,91,2022,0,runout
42,2.99,21,76,1994,0,megarace
43,14.99,208,96,2022,0,melody's escape 2
44,15.99,448,90,2022,0,neodash
45,14.99,34,85,2024,34,kick bastards
1,9.99,16357,84,2024,16357,deep rock galactic survivor
2,14.99,3775,93,2020,54,atomicrops
3,0,45094,83,2012,155,realm of the mad god exalt
4,4.99,214798,98,2022,1899,vampire survivors
5,9.99,17157,98,2023,714,crab champions
6,4.99,378,96,2024,378,duelists of eden
7,19.99,139100,96,2017,1732,cuphead
9,4.99,69144,979,2023,1415,brotato
10,24.99,11297,95,2023,582,roboquest
11,9.99,195236,96,2015,1975,undertale
12,9.99,15916,90,2022,392,soulstone survivors
13,19.99,18294,87,2020,105,neon abyss
14,6.99,11874,93,2023,543,death must die
15,9.99,4891,87,2023,371,magicraft
16,17.99,9762,96,2019,80,novadrift
17,14.99,536,87,2024,168,spell disk
18,9.99,2936,67,2023,78,Apocalypse 2 party
19,14.99,69204,95,2016,530,enter the gungeon
20,4.99,711,97,2024,711,windowkill
21,9.99,5720,97,2022,355,tiny rogues between heaven & hell
22,7.99,35,97,2024,35,antipaint
23,59.99,17097,87,2021,139,nier replicant
24,19.99,17486,97,2018,189,just shapes & beats
25,0,1241,56,2008,0,cosmic break universal
26,5.99,3137,86,2023,162,god of weapons
27,14.99,1686,95,2023,30,patch quest
28,7.99,30138,69,2014,120,hero siege
29,7.99,1879,88,2023,39,army of ruin
30,19.99,38,100,2023,38,akka arrh
31,29.99,3337,93,2019,14,pistol whip
32,14.99,521,99,2024,172,angel at dusk
33,9.99,2078,87,2023,84,heretic's fork
34,4.99,123,55,2023,123,sun down
35,4.99,24735,91,2023,226,20 minutes till dawn
36,9.99,6661,90,2023,252,yet another zombie survivors
37,10.99,1506,85,2023,78,greedland
38,7.99,93,84,2024,93,touhou red empress devil
39,2.99,40,90,2024,17,just click the button
40,19.99,5576,94,2020,39,One step from eden
41,11.99,12831,96,2015,72,nuclear throne
42,9.99,820,93,2023,42,topple tactics
43,14.99,250,91,2023,12,whisker squadron survivor
44,4.99,3706,87,2022,179,nordic ashes
45,5.99,1500,92,2023,38,goobies
46,4.99,908,98,2023,130,picayune dreams
47,4.99,1467,71,2023,28,fatalzone
1,0,9378,71,2022,239,tower of fantasy
2,0,3546,87,2022,110,heaven burns red
3,39.99,3644,93,2021,64,ace attorney chronicles
4,14.99,18,66,2024,66,saving miss hinake
5,39.99,1141,73,2024,1141,terminator dark fate defiance
6,14.99,6425,97,2024,4128,murders on the yangtze river
7,49.99,1020,77,2024,131,undernight in-birth
9,49.99,4235,90,2022,161,crisis core final fantasy 7
10,0,8761,72,2021,178,honkai impact
11,0,10771,69,2023,213,torchlight infinite
12,19.99,196,79,2023,16,metal gear
13,24.99,12860,86,2022,105,house party
14,0,1308,54,2023,165,final fantasy 7 ever crisis
15,0,48285,11,2021,2138,war of the 3 kingdoms
16,14.99,21047,93,2019,363,chinese shit
17,5.99,17440,98,2021,1024,touhou mystia's izakaya
18,24.99,12712,92,2023,506,wandering sword
19,6.99,2469,89,2024,2469,chinese crap
20,19.99,5551,93,2020,68,suzerain
21,12.99,14596,90,2020,386,paranormal hk
22,19.99,13223,93,2019,346,yakuza kiwami
23,0,31254,85,2018,257,life is strange 2
24,39.99,2405,80,2022,72,life is strange remastered
25,22.99,728,71,2023,27,lakeburg legacies
26,80.96,2817,90,2022,40,syberia the world before
27,0,27,29,2024,27,perfect world
28,19.99,65020,89,2016,865,firewatch
29,0,521,85,2023,83,life makeover
30,39.99,1970,98,2023,241,witch ont he holy night
31,19.99,1795,75,2023,138,metal gear solid 3 snake eater
32,19.99,3127,92,2023,195,back to the dawn
33,59.99,10064,89,2021,108,life is strange true colors
34,24.99,316,91,2024,58,all quiet in the trenches
35,19.99,3276,68,2024,255,three kingdoms zhaoyun
36,19.99,9704,95,2022,122,symphony of war
37,29.99,7229,60,2024,1454,chinese crap
38,49.99,237,81,2019,0,yu-no a girl who chants love
18,19.99,748,71,2022,21,master of magic
19,19.99,18541,97,2018,276,dusk
20,20,102,95,2024,102,berserk boy
21,15.99,2222,84,2014,13,final fantasy 4 3d remake
22,29.99,326,83,2023,19,wrestlequest
23,9.99,550,98,2023,27,artificial dream in arcadia
24,29.99,886,80,2021,0,legend of mania
25,29.99,884,93,2023,29,showgunners
26,29.99,670,79,2022,12,the oregon trail
27,19.99,3418,97,2019,64,hypnospace outlaw
28,4.99,18291,95,1999,286,half-life opposing force
29,4.99,13463,92,2001,200,half life blue shift
30,9.99,3436,64,2023,81,don't scream
31,4.99,14921,96,1995,352,doom
32,4.99,7202,95,1994,153,doom 2
33,19.96,14239,91,2021,226,road 96
34,19.99,748,77,2019,16,contra collection
35,19.99,2926,77,2018,44,megaman x
36,8.99,4236,95,2023,74,amanda the andventurer
37,9.99,6499,94,1997,92,quake 2
38,19.99,3840,85,2016,30,duke nukem world 3d tour
39,14.99,2878,95,1999,22,quake 3 arena
40,9.99,11136,96,1996,1996,quake
41,4.99,5932,86,1999,56,team fortress
42,19.99,184,96,2023,184,the ninja saviors
43,14.99,3052,97,2016,13,day of the dentacle
44,4.99,6048,94,2020,91,doom 64
45,29.99,4480,88,2021,43,sourney to the savage planet
46,9.99,4638,95,2009,31,monkey island
47,9.99,11322,94,1997,118,fallout
18,4.99,55,90,2023,10,hodgepodge hunch
19,4.99,5,100,2024,5,bunny game
20,2.99,216,83,2023,26,backrooms apprehension
21,19.99,0,84,2024,0,republic of jungle
22,14.99,450,71,2015,0,castaway paradise
23,12.99,98,90,2020,0,paper pirates
24,2.99,16,75,2020,0,killer inside us
25,4.99,744,82,2021,5,untrusted_
26,0.99,184,53,2021,0,killer: infected one of us
27,12.99,4,100,2023,4,secret shuffle
28,0.99,31,87,2021,0,perfectly balanced
29,0.99,27,81,2023,27,mommy simulator
30,4.99,2,100,2021,0,the architect's game
31,29.99,10,80,2023,10,umbrella escape
32,10.99,2,100,2023,2,finis
33,9.99,0,84,2023,0,"count, connect, capture"
34,2.99,28,64,2020,0,similo
35,19.99,128,66,2016,0,werewolves within
36,19.99,10,60,2023,10,pethilim
37,0.99,119,98,2019,0,escape mind
38,0,1286,57,2023,187,deceit 2
39,24.99,999,81,2018,16,spyparty
40,10.99,0,84,2021,0,dichotomy
41,0,48,66,2023,48,spy rumble
42,9.99,365,66,2018,0,murderous pursuits
43,0,2433,80,2022,46,prison life
44,0,1049,61,2022,0,traitors in salem
45,0,3591,89,2022,55,deducto
18,34.99,8619,79,2023,454,Dune
19,29.99,121308,97,2022,1605,stray
20,59.99,222457,77,2016,1887,no man's sky
21,39.99,159775,91,2020,1691,doom eternal
22,24.99,53830,95,2020,1194,outer wilds
23,29.99,78223,91,2021,690,subautica below zero
24,39.99,118430,88,2019,1465,jedi fallen order
25,59.99,5506,89,2023,191,ratchet & clank
26,59.99,22718,84,2023,548,atomic heart
27,39.99,93181,94,2020,2618,detroit become human
28,29.99,183402,95,2016,2654,titanfall 2
29,19.99,387,77,2024,387,tribes rivals 3
30,49.99,7065,91,2023,648,robocop
31,39.99,6031,92,2023,132,system shock
32,59.99,40266,91,2021,700,mass effect legendary edition
33,39.99,46520,87,2017,676,battlefront 2
34,59.99,27895,64,2022,516,callisto protocol
35,39.99,117,86,2024,117,contra operation galliga
36,19.99,91324,89,2019,496,space engineers
37,19.99,14073,96,2022,907,signalis
38,49.99,32823,91,2022,317,star was the skywalker saga
39,9.99,155316,96,2010,1263,fallout new vegas
40,29.99,57792,96,2014,688,metalgear rising
41,59.99,3650,81,2023,62,returnal
42,54.98,13771,89,2022,174,high on life
43,24.99,11340,95,2023,588,roboquest
44,29.99,6998,80,2024,199,universim
45,19.88,3268,16,2010,257,command & conquer 2
46,24.99,105596,96,2019,1314,oxygen not included
47,39.99,3487,89,2021,100,battlesector
48,39.99,18629,93,2022,827,death stranding